idx,trend,resid
6,318.17625,-8.116352403327534
7,315.2408333333333,-0.6777546469172179
8,312.0275,0.6471972761596715
9,308.76,7.038587500518641
10,305.51916666666665,6.535438462057095
11,302.74833333333333,16.050598718467363
12,300.5808333333333,-6.405102403327488
13,298.63666666666666,-7.029845993071082
14,296.7783333333333,-5.535262659737767
15,294.94291666666663,-6.580539102045437
16,293.21875,-8.237976710957579
17,291.5179166666667,-7.546488037818454
18,290.9083333333333,-3.488435736660842
19,291.7229166666666,-1.1798379802505208
20,292.7258333333333,-0.6311360571736361
21,293.8895833333333,-1.5609958328146865
22,295.3195833333333,-1.174978204609523
23,296.96541666666667,-1.076484614865996
24,298.53541666666666,3.920314263339139
25,299.67041666666665,3.206404006928902
26,300.4975,3.5455706735955492
27,301.30791666666664,2.184460897954549
28,302.14458333333334,2.0261899557090746
29,302.8358333333333,1.4455952955149145
30,303.08916666666664,1.700730930005823
31,303.05083333333334,-2.637754646917311
32,302.96624999999995,-0.8915527238402648
33,303.14624999999995,-1.3476624994813198
34,303.61249999999995,1.1421051287237778
35,304.07374999999996,-2.2048179481992696
36,304.4466666666666,-1.890935736660777
37,304.71124999999995,-2.854429326404376
38,304.90458333333333,-1.8715126597377743
39,305.1170833333333,3.7052942312878634
40,305.16166666666663,4.869106622375799
41,304.93291666666664,4.558511962181564
42,304.8166666666666,3.7132309300058686
43,305.0204166666666,-1.997337980250573
44,305.3320833333333,-1.227386057173634
45,305.5170833333333,-0.6484958328146637
46,305.5829166666666,-2.8283115379428874
47,305.7858333333333,-7.406901281532618
48,306.265,-3.0092690699941733
49,307.19124999999997,-1.1444293264043965
50,308.60249999999996,-2.2794293264044394
51,310.10749999999996,-0.13512243537874946
52,311.64458333333334,-1.1838100442909616
53,313.5358333333333,0.3955952955149031
54,315.5433333333333,0.046564263339182954
55,317.23375,0.959328686416076
56,318.49833333333333,4.306363942826307
57,319.50874999999996,2.7798375005186777
58,320.3354166666667,1.8891884620570853
59,320.68083333333334,3.618098718467359
60,320.58125,4.934480930005792
61,320.3508333333333,4.005987340262275
62,319.98541666666665,-1.6223459930711068
63,319.66833333333335,2.5140442312878384
64,319.62416666666667,-1.5333933776242896
65,319.03249999999997,-4.441071371151741
66,317.49833333333333,-4.958435736660869
67,315.65958333333333,0.05349535308271394
68,314.02416666666664,2.4905306094930335
69,312.44166666666666,8.526920833851985
70,310.6420833333333,11.84252179539046
71,308.99083333333334,0.8480987184673208
72,307.77666666666664,-4.6209357366608526
73,306.79875,-4.211929326404449
74,305.93583333333333,-5.052762659737808
75,304.93291666666664,-3.2505391020454533
76,303.41499999999996,-8.014226710957583
77,302.0541666666667,-4.402738037818443
78,301.62375000000003,-1.2838524033275527
79,301.6016666666667,2.8414120197493746
80,301.3358333333333,5.738863942826368
81,301.1404166666666,5.1981708338520285
82,301.4558333333333,-0.7712282046095774
83,302.05083333333334,-3.0719012815326385
84,302.48875,1.196980930005838
85,302.4108333333333,-0.8840126597377678
86,302.0,-6.436929326404466
87,301.90250000000003,0.40987756462115277
88,302.6291666666666,-0.2883933776242283
89,303.74833333333333,1.2430952955148713
90,304.05499999999995,-0.5451024033274572
91,304.02166666666665,-4.618587980250605
92,304.31541666666664,-2.0607193905069483
93,304.52875,4.289837500518612
94,304.48333333333335,11.161271795390427
95,304.00624999999997,6.872682051800717
96,303.18916666666667,-4.043435736660866
97,302.4779166666666,2.7889040069289406
98,301.53125,-2.6581793264044644
99,299.84416666666664,4.2782108979545495
100,297.64166666666665,1.799106622375749
101,295.42083333333335,1.0205952955149031
102,294.14375,-1.6938524033275209
103,293.0958333333333,0.297245353082748
104,291.95375,-6.409052723840363
105,290.7741666666667,-5.73557916614806
106,289.14124999999996,-2.576644871276222
107,287.6095833333333,-0.9506512815326065
108,286.31583333333333,6.399897596672462
109,285.1966666666666,1.3501540069289701
110,284.6920833333333,5.490987340262238
111,284.92791666666665,-0.42553910204546463
112,285.2179166666666,-5.347143377624203
113,285.13333333333327,-5.881904704485015
114,284.53708333333327,-5.947185736660794
115,283.84499999999997,-3.4519213135839193
116,283.2308333333333,3.2038639428264
117,282.80791666666664,7.000670833851981
118,283.0025,5.752105128723735
119,283.7033333333333,-1.2644012815326338
120,284.5375,-1.9117690699942052
121,285.48833333333334,-5.461512659737811
122,286.42249999999996,-4.459429326404389
123,286.9208333333333,-4.348455768712116
124,287.2420833333333,-0.7713100442908821
125,287.62874999999997,1.8426786288482562
126,287.79625,0.5936475966725019
127,287.9866666666666,5.426412019749411
128,288.3616666666667,7.473030609492993
129,288.8020833333333,3.566504167185311
130,289.1041666666667,4.800438462057081
131,289.2358333333333,-2.666901281532609
132,289.9225,-7.40676906999421
133,290.7625,-6.055679326404449
134,291.47375,-5.190679326404434
135,292.4266666666666,-3.604289102045444
136,293.4266666666667,-5.955893377624246
137,294.8258333333333,-3.194404704485072
138,297.1408333333333,5.569064263339163
139,299.73625,-0.4831713135839194
140,302.1654166666666,4.899280609493088
141,304.4070833333333,-0.3984958328146637
142,306.6925,-0.4278948712762153
143,309.11041666666665,-1.3214846148659436
144,310.9058333333333,5.949897596672473
145,312.3920833333333,0.2647373402622391
146,313.80499999999995,2.8280706735955765
147,315.04583333333335,-2.7734557687121844
148,316.34708333333333,2.523689955709077
149,317.85749999999996,0.4039286288482857
150,319.40541666666667,-0.23551906999420646
151,320.93041666666664,-2.4673379802506004
152,322.50916666666666,-0.74446939050698
153,324.31083333333333,-5.222245832814682
154,326.03541666666666,-3.6208115379429056
155,327.29875,0.5901820518006897
156,328.5491666666667,5.356564263339111
157,329.9820833333333,2.2247373402622186
158,331.12458333333336,3.848487340262196
159,332.0566666666666,5.115710897954584
160,333.22666666666663,2.134106622375785
161,334.3670833333333,-2.2756547044850834
162,335.17041666666665,0.179480930005814
163,335.80875,0.8643286864161056
164,336.28458333333333,-5.309886057173673
165,336.62375,-4.375162499481352
166,337.39874999999995,-0.06414487127617664
167,338.83624999999995,1.5026820518007125
168,340.2075,0.5282309300058494
169,340.9858333333333,-0.28901265973774043
170,341.8970833333333,-3.9940126597377197
171,343.4475,-1.0651224353788131
172,345.01124999999996,3.7395232890424412
173,346.1379166666667,7.063511962181559
174,347.32208333333335,-0.1721857366608739
175,348.8458333333333,-5.292754646917227
176,350.75791666666663,-4.793219390506964
177,352.77666666666664,1.691920833852006
178,354.81291666666664,-2.1683115379428624
179,356.74625,-4.677317948199295
180,358.865,-1.4392690699941801
181,361.49541666666664,-0.9185959930710981
182,364.2083333333333,-0.2952626597377582
183,366.73125,-1.9088724353788131
184,368.87333333333333,6.307439955709075
185,371.0025,2.168928628848215
186,373.2479166666667,4.781980930005778
187,375.1108333333333,0.6922453530827867
188,376.43916666666667,2.3855306094930153
189,377.2341666666666,4.924420833852022
190,377.4558333333333,-1.0912282046095707
191,377.4941666666666,1.954765385134061
192,377.16166666666663,6.774064263339186
193,376.49625,2.280570673595558
194,375.89166666666665,1.7014040069289114
195,375.37791666666664,-5.1555391020454255
196,374.13666666666666,0.9641066223757694
197,371.39916666666664,2.772261962181568
198,367.65375,1.3961475966724541
199,364.065,4.748078686416069
200,360.87125000000003,10.43344727615961
201,357.86125000000004,19.487337500518603
202,354.9891666666666,-3.604561537942835
203,351.9716666666667,-13.242734614865986
204,349.4916666666667,-14.72593573666087
205,347.35875,-5.541929326404433
206,344.99041666666665,-7.087345993071081
207,342.105,-4.4326224353788195
208,339.69916666666666,-0.9783933776242261
209,338.41791666666666,-0.28648803781840676
210,337.6995833333333,7.870314263339202
211,337.0341666666667,4.068912019749395
212,336.13875,6.0359472761596304
213,335.1875,2.041087500518639
214,333.9345833333333,-0.1699782046095274
215,332.7379166666667,-7.138984614865996
216,331.71916666666664,-1.0634357366608476
217,330.87249999999995,-0.9156793264044056
218,330.22875,-1.9556793264044212
219,329.72916666666663,-5.256789102045419
220,329.34333333333336,-7.492560044290936
221,329.4125,-3.1310713711517963
222,330.18875,2.781147596672445
223,331.27500000000003,2.108078686416026
224,332.72541666666666,1.7192806094930244
225,334.5220833333333,-1.5534958328146364
226,336.41375,-7.649144871276213
227,338.0333333333333,-5.774401281532625
228,339.22416666666663,3.4015642633391843
229,340.09375,3.9630706735955625
230,340.85,8.133070673595526
231,341.94624999999996,4.936127564621215
232,343.78374999999994,1.057023289042437
233,345.5875,-3.4260713711517554
234,346.60166666666663,-0.9317690699941701
235,347.4941666666666,-5.941087980250539
236,348.4025,-3.9778027238403286
237,349.37249999999995,-0.07391249948131295
238,350.4120833333333,6.122521795390434
239,351.42375,-3.644817948199324
240,352.25374999999997,-0.8080190699941574
241,352.97624999999994,3.680570673595592
242,353.66999999999996,4.513070673595579
243,353.9283333333333,7.0340442312878775
244,354.0170833333333,1.693689955709093
245,354.62458333333325,0.9468452955149986
246,355.65416666666664,-3.4742690699941883
247,356.5404166666666,-4.157337980250541
248,357.2395833333333,-6.994886057173675
249,357.7345833333333,-8.055995832814691
250,358.5208333333333,-0.2362282046095524
251,359.69041666666664,0.9185153851340655
252,360.8612499999999,2.464480930005879
253,361.7145833333333,4.332237340262291
254,362.3974999999999,3.1755706735956015
255,363.19499999999994,2.2573775646212346
256,363.3741666666666,6.716606622375767
257,362.765,6.496428628848259
258,362.4820833333333,4.107814263339156
259,362.74041666666665,-4.2873379802505935
260,363.1766666666667,-2.611969390506987
261,363.89708333333334,-5.398495832814721
262,364.3829166666667,-10.618311537942908
263,364.7079166666666,-14.19898461486594
264,365.2320833333333,1.4036475966724873
265,366.31916666666666,2.6176540069288974
266,368.06583333333333,5.087237340262235
267,369.90708333333333,5.255294231287875
268,371.8195833333333,0.22118995570912472
269,374.18083333333334,0.9305952955148713
270,376.4470833333333,-3.127185736660801
271,378.1345833333333,-0.32150464691722924
272,379.5491666666667,3.575530609493013
273,380.78125,-0.6526624994813834
274,382.0545833333333,-4.01997820460955
275,383.4379166666667,-0.5289846148659823
276,385.0808333333333,3.544897596672501
277,387.0029166666667,0.4439040069288565
278,388.61,-0.016929326404450662
279,390.0308333333333,-0.7384557687121025
280,391.71958333333333,-3.2488100442909027
281,393.1420833333333,-1.26065470448504
282,393.97208333333333,2.007814263339133
283,394.74749999999995,6.535578686416092
284,395.55125,2.673447276159676
285,396.40666666666664,2.7219208338519785
286,397.9504166666666,1.614188462057108
287,400.0845833333333,-4.565651281532616
288,401.98749999999995,-6.051769069994135
289,403.3833333333333,-4.6365126597377655
290,404.6883333333333,-8.105262659737704
291,406.03999999999996,-4.207622435378797
292,407.22374999999994,5.757023289042483
293,408.41874999999993,10.172678628848297
294,409.57416666666666,5.365730930005844
295,410.1470833333333,5.675995353082773
296,410.50749999999994,4.497197276159751
297,411.0258333333333,3.7627541671853315
298,410.89874999999995,1.4158551287237846
299,409.9870833333333,1.4618487184673594
300,408.99249999999995,-1.2567690699941187
301,408.10749999999996,-7.41067932640441
302,407.1525,-3.8694293264044144
303,406.07874999999996,1.4936275646212187
304,404.8416666666666,-0.6508933776241829
305,403.69333333333327,1.8080952955149827
306,403.1229166666666,1.0369809300058868
307,403.00249999999994,2.3605786864161376
308,402.46374999999995,0.08094727615970332
309,401.1504166666666,0.32817083385202417
310,399.6170833333333,-3.682478204609573
311,398.21375,2.0551820518006645
312,397.1479166666667,8.077814263339109
313,396.29625,4.020570673595567
314,395.41999999999996,-4.686929326404409
315,394.62916666666666,-6.026789102045457
316,394.09708333333333,-7.736310044290914
317,393.5274999999999,-3.876071371151687
318,392.2095833333333,2.220314263339167
319,391.21458333333334,3.438495353082705
320,391.44916666666666,0.7755306094930018
321,392.36875,0.449837500518637
322,393.82416666666666,-1.9995615379428737
323,395.1820833333333,-4.473151281532643
324,395.90958333333333,-12.75385240332754
325,396.68541666666664,1.821404006928911
326,398.02,0.15307067359556525
327,399.4895833333333,3.742794231287886
328,401.2270833333333,5.433689955709102
329,403.575,-1.633571371151737
330,406.82875,-7.228852403327545
331,409.94708333333335,-1.8440046469172655
332,412.5670833333333,-1.762386057173659
333,415.41125,-5.902662499481384
334,418.1058333333333,-1.2712282046095207
335,420.8566666666667,1.1922653851340155
336,424.22208333333333,5.68364759667246
337,428.21208333333334,-1.6152626597378132
338,432.0883333333333,0.8747373402622577
339,435.65124999999995,1.0511275646212233
340,438.8879166666666,-1.02714337762421
341,441.4891666666666,-4.727738037818375
342,442.90625,2.6436475966724564
343,443.5758333333333,14.33724535308271
344,444.2179166666666,9.806780609493059
345,444.4891666666666,7.309420833852013
346,444.3116666666666,7.9129384620571495
347,443.93125,5.157682051800685
348,443.2695833333333,-6.39385240332747
349,441.7408333333333,-6.044012659737736
350,439.69291666666663,-0.4198459930710635
351,437.8620833333333,-0.9597057687121002
352,436.2370833333333,-2.836310044290937
353,435.0320833333333,-2.940654704485047
354,434.7520833333333,-0.41218573666082614
355,435.1083333333333,-2.67525464691722
356,435.01874999999995,-4.664052723840301
357,434.8087499999999,-3.2801624994812677
358,435.0929166666666,-1.5983115379428692
359,435.71208333333334,3.186848718467325
360,436.7270833333333,3.6186475966724623
361,437.85875,2.9180706735955466
362,438.93791666666664,-6.894845993071086
363,439.63124999999997,-0.5388724353787517
364,439.9304166666666,-1.8996433776241555
365,439.89916666666664,2.422261962181602
366,439.61875,8.851147596672496
367,439.29249999999996,6.170578686416083
368,439.43583333333333,3.788863942826323
369,440.0079166666667,-4.709329166148056
370,440.2316666666667,-3.327061537942917
371,440.27374999999995,-5.534817948199254
372,440.2570833333333,-2.4813524033275036
373,440.56541666666664,-5.0485959930710935
374,441.2320833333333,-0.48901265973778096
375,442.39958333333334,1.7227942312878475
376,444.1404166666666,-5.769643377624217
377,446.07666666666665,-3.085238037818448
378,448.12874999999997,-0.728852403327489
379,450.0883333333333,3.8447453530827618
380,451.7204166666666,-0.9657193905069209
381,452.32124999999996,3.4673375005186777
382,452.7054166666666,5.4891884620571085
383,453.59374999999994,6.32518205180076
384,454.1904166666666,7.655314263339209
385,454.0020833333333,4.474737340262219
386,453.30499999999995,3.6480706735955697
387,452.38,-10.047622435378829
388,451.0799999999999,-1.699226710957529
389,449.71374999999995,3.5876786288482605
390,448.3974999999999,3.0123975966725474
391,447.3662499999999,-1.9631713135838806
392,446.71916666666664,-4.164469390506996
393,446.81208333333325,-5.023495832814607
394,447.0429166666666,-6.048311537942857
395,446.5825,-2.2535679481993105
396,445.91999999999996,-0.07426906999417109
397,445.42833333333334,4.29848734026218
398,445.28,4.893070673595575
399,445.1408333333333,6.201544231287896
400,444.56874999999997,1.342023289042462
401,443.4741666666667,2.247261962181534
402,442.04166666666663,1.048230930005848
403,440.53916666666663,1.3839120197494497
404,439.09000000000003,3.384697276159626
405,437.705,0.8235875005186666
406,436.68375000000003,-6.15914487127626
407,435.79791666666665,-7.268984614865992
408,434.62666666666667,-7.360935736660862
409,433.22375,-0.9769293264044352
410,431.6795833333333,1.1934873402622235
411,430.4266666666667,4.97571089795454
412,429.74791666666664,7.592856622375738
413,429.51916666666665,3.512261962181577
414,429.8279166666666,-2.1580190699941633
415,430.44833333333327,-6.775254646917186
416,431.0120833333333,-7.3473860571736385
417,431.6429166666666,-4.374329166148019
418,432.22458333333327,-6.729978204609529
419,433.015,-4.946067948199306
420,434.3075,0.828230930005804
421,435.98541666666665,3.2814040069288906
422,437.735,1.6480706735955128
423,439.1658333333333,4.866544231287916
424,440.87249999999995,1.7982732890424733
425,442.73375,3.9376786288482264
426,443.99333333333334,1.056564263339117
427,444.54749999999996,2.0155786864161103
428,444.69041666666664,-1.9257193905069574
429,444.50583333333327,-1.9972458328146592
430,443.9779166666666,7.236688462057168
431,443.1058333333333,3.913098718467375
432,442.22249999999997,4.193230930005813
433,441.6470833333333,-0.3602626597377609
434,441.3795833333333,-0.5865126597377491
435,441.15625,-2.96387243537882
436,440.12125000000003,-4.280476710957654
437,438.635,-6.063571371151744
438,437.1208333333333,0.8290642633392102
439,435.8233333333333,4.029745353082764
440,434.92749999999995,8.12719727615969
441,434.26,2.5985875005186436
442,434.0375,-2.0128948712762518
443,434.405,-3.866067948199265
444,435.0179166666667,-8.462185736660855
445,437.23041666666666,-7.223595993071105
446,441.7408333333333,-11.167762659737761
447,447.00125,-14.608872435378858
448,452.4708333333333,-16.17006004429089
449,458.6995833333333,-17.76815470448509
450,465.73791666666665,-21.438019069994194
451,472.4604166666667,14.142662019749412
452,478.77874999999995,25.775947276159698
453,485.50041666666664,16.108170833851997
454,492.22416666666663,6.32043846205712
455,498.4320833333333,15.07684871846737
456,504.3354166666666,8.170314263339195
457,508.1183333333333,-2.721512659737745
458,509.32041666666663,-2.497345993071107
459,509.97999999999996,7.482377564621201
460,510.50666666666666,2.094106622375708
461,510.2033333333333,3.4180952955149393
462,509.30083333333334,3.9890642633391784
463,508.6875,-0.28442131358395806
464,508.81999999999994,2.784697276159717
465,509.0741666666666,1.3144208338520083
466,509.1625,-6.757894871276256
467,509.3025,-6.933567948199317
468,509.26874999999995,-7.283019069994124
469,509.3745833333333,-8.177762659737756
470,509.6745833333333,4.5284873402622035
471,510.1383333333333,6.044044231287868
472,511.2670833333333,4.7336899557091705
473,513.1841666666667,0.3972619621815114
474,515.4045833333332,-2.8846857366607943
475,517.7129166666666,-5.999837980250571
476,519.2441666666666,-3.7494693905069756
477,519.9399999999999,-2.3114124994813245
478,520.7279166666666,1.5266884620571877
479,521.96375,6.565182051800655
480,523.60625,5.509480930005781
481,525.47875,3.98807067359554
482,527.6195833333333,-4.936512659737715
483,529.6204166666666,-5.2180391020454255
484,531.0570833333333,-4.366310044290852
485,531.6541666666667,0.8972619621815114
486,531.91625,1.0536475966724814
487,532.3104166666667,3.8926620197494133
488,533.1025,9.282197276159662
489,534.4883333333332,4.2702541671853815
490,536.3058333333332,-0.7012282046094137
491,538.2941666666666,-8.78523461486589
492,540.1241666666666,-5.698435736660839
493,541.9266666666667,-8.309845993071225
494,543.5204166666666,-5.977345993071068
495,544.8820833333333,-2.0797057687121048
496,546.3916666666667,5.5191066223757765
497,548.2820833333333,6.769345295514933
498,550.175,4.214897596672477
499,552.1125,5.930578686416074
500,554.5695833333333,4.225113942826409
501,557.0679166666666,-2.0393291661480397
502,558.8608333333333,-3.296228204609555
503,559.7479166666666,-4.828984614865937
504,560.4837499999999,-6.038019069994119
505,561.6654166666666,-1.5685959930710753
506,562.9466666666666,7.0864040069289596
507,564.4695833333333,5.802794231287946
508,566.3395833333333,1.131189955709093
509,568.3545833333333,-7.57315470448504
510,570.4008333333334,-4.080935736660871
511,571.9158333333332,2.5572453530828527
512,572.0429166666667,1.071780609492988
513,570.9425,6.316087500518616
514,569.8408333333334,8.37377179539029
515,569.81125,10.81768205180071
516,570.8891666666666,6.9565642633392475
517,572.1266666666667,0.9301540069288974
518,572.4404166666666,-12.317345993070987
519,571.9304166666666,-18.158039102045368
520,571.4475,-13.916726710957558
521,571.265,-1.2535713711517416
522,571.5308333333332,11.429064263339233
523,572.3808333333333,15.152245353082765
524,574.29125,-6.7065527238403195
525,577.0583333333333,-6.509745832814705
526,580.1075,-6.772894871276242
527,582.8658333333333,-1.736901281532602
528,584.74125,-1.015519069994196
529,585.9425,1.634320673595549
530,587.8883333333333,3.5647373402621985
531,590.62375,-1.7713724353788245
532,593.255,2.3757732890424594
533,595.77,2.3414286288482855
534,597.9070833333333,1.9628142633391739
535,599.7079166666667,-0.2548379802506232
536,600.9100000000001,1.4546972761595622
537,601.9891666666667,-0.5705791661481532
538,603.10375,2.510855128723812
539,603.9408333333333,5.268098718467393
540,604.8204166666667,2.115314263339075
541,605.5274999999999,2.059320673595617
542,605.9120833333334,-5.619012659737833
543,605.8499999999999,0.06237756462129829
544,605.4983333333332,-0.17756004429082525
545,604.4608333333333,4.050595295514933
546,602.7766666666666,7.803230930005844
547,601.43125,4.281828686416124
548,601.0033333333333,4.331363942826341
549,600.7958333333333,-3.8372458328146912
550,600.3016666666666,1.332938462057165
551,599.3291666666667,-11.040234614866
552,597.2762499999999,-9.840519069994128
553,594.9,-0.10317932640440558
554,592.195,10.618070673595483
555,589.09125,9.321127564621262
556,586.0625,14.898273289042383
557,583.2295833333333,6.30184529551496
558,582.3679166666666,-2.0780190699940655
559,581.70625,-2.7331713135838624
560,579.3158333333333,-12.161136057173609
561,575.6062499999999,-14.957662499481334
562,570.6787499999999,-5.424144871276133
563,566.8629166666666,-10.183984614865954
564,564.8145833333333,33.55114759667252
565,562.1012499999999,5.885570673595576
566,558.8758333333333,13.377237340262312
567,556.6270833333333,-16.684705768712124
568,554.62125,-13.450476710957613
569,553.2170833333333,4.524345295514928
570,550.1508333333334,12.769064263339152
571,545.7833333333333,-14.560254646917212
572,542.3729166666667,-4.878219390507057
573,540.2316666666667,-3.8930791661480306
574,538.9537499999999,2.4708551287238483
575,536.3554166666667,10.453515385133977
576,532.5929166666666,2.052814263339189
577,530.3887499999998,-3.501929326404242
578,529.7204166666666,1.7826540069290364
579,529.1304166666666,0.17196089795456038
580,528.2479166666666,-7.107143377624137
581,526.5124999999999,-11.10107137115171
582,524.6887499999999,-9.738852403327423
583,523.0066666666667,3.286412019749368
584,521.2108333333333,5.173863942826314
585,519.9808333333333,13.30775416718529
586,520.0566666666666,3.2379384620571376
587,521.0625,2.226432051800651
588,522.0858333333333,-7.690102403327513
589,522.1933333333333,-15.426512659737728
590,521.6270833333333,-13.104012659737734
591,521.1520833333333,1.6102942312879498
592,521.3208333333333,8.179939955709134
593,522.3175,8.8739286288482
594,524.2858333333334,-0.5559357366608944
595,527.5687499999999,-7.475671313583812
596,531.7804166666667,-12.785719390507085
597,535.6720833333333,-6.3934958328146685
598,538.5699999999999,-7.215394871276124
599,540.9633333333333,-1.8144012815325883
600,543.165,2.6107309300058312
601,545.0516666666666,9.125154006928948
602,546.9966666666667,15.196404006928859
603,549.2825,13.209877564621108
604,551.4666666666666,7.854106622375813
605,553.2795833333333,5.531845295514865
606,554.53125,-5.581352403327509
607,555.03125,-14.878171313583959
608,554.57375,-8.959052723840374
609,553.4770833333333,4.041504167185277
610,552.2020833333333,3.3325217953904134
611,550.8545833333333,7.624348718467439
612,550.3316666666667,6.154064263339125
613,551.1045833333333,4.362237340262264
614,552.10625,-2.1831793264044985
615,552.76625,-4.323872435378833
616,553.3995833333333,-10.628810044290898
617,554.5879166666666,-11.56648803781838
618,556.2362499999999,-4.046352403327427
619,557.92125,-2.458171313583885
620,559.8920833333334,-5.547386057173741
621,562.39125,2.2373375005186027
622,565.4341666666667,-1.809561537942876
623,568.6770833333334,10.231848718467285
624,571.2666666666667,4.349064263339175
625,572.8520833333333,3.924737340262264
626,573.91125,2.0018206735955606
627,574.6374999999999,7.794877564621258
628,575.6370833333333,6.173689955709111
629,576.5545833333333,5.256845295514887
630,577.20125,-1.6513524033274458
631,577.6866666666667,-7.533587980250682
632,578.3325,-13.257802723840301
633,579.2916666666666,-7.963079166147967
634,579.9470833333332,0.9675217953905181
635,580.6470833333333,2.9918487184673888
636,581.8216666666667,4.584064263339075
637,583.3841666666667,-5.747345993071112
638,585.0866666666666,5.466404006928955
639,586.7075,4.104877564621203
640,587.5716666666666,1.5891066223758263
641,587.5220833333333,3.7393452955149598
642,586.5770833333333,7.712814263339174
643,585.4100000000001,3.503078686415951
644,584.0204166666667,3.15428060949297
645,581.82125,6.307337500518653
646,579.6316666666667,5.222938462057152
647,577.4545833333334,1.0543487184672753
648,575.1220833333334,-6.266352403327586
649,572.9470833333334,-5.770262659737786
650,571.0091666666667,-3.346095993071159
651,569.6241666666667,-8.701789102045526
652,568.7408333333333,-2.2400600442908254
653,568.1933333333333,-6.521904704485058
654,568.6133333333333,-0.7134357366609216
655,569.9199999999998,-6.816921313583758
656,571.1920833333334,-4.7173860571737
657,572.6704166666666,2.918170833852056
658,574.2716666666666,1.922938462057083
659,575.7020833333332,-1.6731512815325746
660,576.7399999999999,6.675730930005885
661,577.2520833333333,6.724737340262219
662,577.62875,3.764320673595606
663,577.6158333333333,5.056544231287914
664,577.5245833333333,5.6561899557090705
665,577.775,1.546428628848213
666,577.8941666666666,-2.7342690699940655
667,577.8812499999999,-9.74817131358385
668,578.1220833333332,-7.637386057173545
669,578.2466666666667,-6.978079166148067
670,577.9787499999999,0.3458551287238484
671,577.7866666666666,0.1222653851340223
672,577.5958333333333,4.799897596672496
673,577.5487499999999,7.138070673595631
674,578.0420833333333,8.420987340262243
675,579.0320833333333,1.5602942312878816
676,580.1395833333333,-1.3088100442909616
677,581.1916666666666,-2.130238037818407
678,581.885,-11.045102403327514
679,581.7908333333332,-10.467754646917125
680,581.52125,-2.386552723840383
681,581.23875,5.1398375005186345
682,580.6545833333333,9.140021795390417
683,580.1274999999999,11.561432051800802
684,580.0858333333333,5.1698975966725005
685,579.9870833333333,-0.42026265973776317
686,579.4716666666666,5.641404006929023
687,578.8420833333333,-3.6797057687121275
688,577.79125,-7.550476710957636
689,575.9070833333334,-0.9056547044851355
690,574.0825,-0.1826024033275595
691,572.4449999999999,-6.551921313583885
692,569.6899999999999,2.504697276159744
693,566.3775,11.831087500518603
694,563.1408333333334,9.603771795390422
695,559.04125,4.477682051800678
696,554.6083333333333,15.02739759667246
697,550.1783333333333,5.708487340262319
698,545.7854166666666,-3.112345993071059
699,541.7641666666666,-3.6617891020454487
700,538.2737500000001,-8.652976710957713
701,535.9345833333334,-18.70315470448515
702,533.6341666666667,-8.354269069994297
703,531.6033333333332,-23.410254646917178
704,531.1995833333333,-6.734886057173627
705,531.8254166666666,-2.396829166147885
706,533.4208333333332,4.333771795390555
707,536.115,6.253932051800683
708,538.7016666666666,-3.1259357366608476
709,541.7391666666667,-0.5323459930711936
710,544.5508333333333,3.112237340262212
711,546.0729166666667,2.059460897954492
712,546.8399999999999,11.040773289042537
713,547.1008333333333,6.530595295514951
714,547.8275,3.132397596672495
715,548.665,6.748078686416069
716,548.8095833333334,-4.0848860571737635
717,548.4483333333333,-2.7497458328146003
718,547.3170833333334,-7.422478204609582
719,545.5574999999999,0.9314320518008057
720,543.8020833333333,5.093647596672541
721,542.2670833333333,5.719737340262223
722,541.3095833333333,3.0434873402621894
723,540.6837499999999,2.088627564621303
724,540.3599999999999,-4.269226710957522
725,540.00875,-6.817321371151769
726,539.2041666666667,-9.934269069994224
727,538.05,2.213078686416101
728,536.74,0.15469727615960782
729,535.5908333333332,2.917754167185418
730,534.8049999999998,4.509605128723899
731,534.2079166666666,4.431015385134054
732,533.5020833333333,3.93364759667246
733,532.76875,-1.021929326404451
734,532.0045833333334,-2.8515126597377924
735,530.9516666666666,-0.5592891020453714
736,529.5545833333333,0.056189955709047425
737,527.5933333333332,-2.251904704484963
738,524.645,-4.465102403327473
739,522.05,9.70307868641611
740,520.3679166666666,6.696780609493102
741,518.9133333333333,4.155254167185372
742,518.1204166666666,3.1041884620570603
743,518.0945833333333,-8.435651281532563
744,518.5104166666665,-22.854685736660723
745,518.74875,-7.5019293264044125
746,518.7237499999999,-9.440679326404322
747,519.0575,-3.7051224353788563
748,519.6395833333332,5.981189955709116
749,520.38625,8.325178628848159
750,521.6204166666666,5.16948093000588
751,522.1208333333333,8.742245353082797
752,521.3116666666667,6.043030609492929
753,520.2795833333333,10.50900416718525
754,518.4766666666667,8.997938462057014
755,515.8279166666666,5.501015385134104
756,513.0941666666666,0.5115642633391979
757,510.5708333333333,-5.264012659737763
758,508.2983333333333,-12.495262659737747
759,506.28999999999996,-2.227622435378779
760,504.5441666666666,-10.903393377624237
761,503.56583333333333,-6.444404704485072
762,504.34708333333333,-11.577185736660846
763,506.5129166666666,-2.1898379802505685
764,509.15208333333334,-9.797386057173684
765,511.22958333333327,-0.6409958328146137
766,512.6458333333333,-6.871228204609486
767,514.0208333333333,5.528098718467384
768,516.26875,17.866980930005855
769,518.7408333333333,18.01598734026221
770,520.8870833333333,6.805987340262235
771,522.6333333333332,-0.6009557687120002
772,524.0125,-14.351726710957617
773,525.1308333333333,-11.029404704484994
774,525.1404166666666,4.59948093000583
775,524.7445833333334,1.938495353082648
776,524.9124999999999,3.5921972761597214
777,526.0695833333333,-2.720995832814655
778,528.4129166666667,-2.298311537942858
779,530.9629166666667,-4.913984614866087
780,532.2866666666666,-4.420935736660807
781,533.1779166666666,0.3489040069289429
782,534.0895833333333,0.8634873402622395
783,534.6304166666666,7.91196089795457
784,535.2312499999999,10.159523289042514
785,536.20625,3.3651786288482355
786,537.8745833333332,-1.834685736660726
787,539.9595833333333,1.8134953530827618
788,542.3879166666667,-7.093219390506976
789,544.9525,-15.413912499481402
790,547.3091666666667,-12.964561537942963
791,549.8720833333333,-8.653151281532592
792,552.4608333333333,0.27489759667251906
793,554.5362499999999,4.160570673595667
794,556.2075,11.855570673595551
795,557.9775,13.00487756462118
796,559.6854166666667,13.825356622375754
797,560.7383333333332,12.223095295514947
798,560.9549999999999,3.8248975966724905
799,560.51625,2.326828686416083
800,559.7229166666666,-5.388219390506935
801,558.83875,-5.8601624994813655
802,557.8079166666666,-5.9133115379428665
803,556.6895833333333,-7.750651281532561
804,556.3287499999999,-6.113019069994051
805,556.2029166666666,-5.516095993071066
806,555.8370833333333,1.1959873402622212
807,555.67,5.122377564621244
808,555.44625,3.5145232890424185
809,555.2033333333334,5.468095295514837
810,554.6545833333332,13.755314263339306
811,553.3604166666667,2.832662019749354
812,551.6320833333333,0.5726139428263776
813,549.78,1.3185875005186711
814,548.0070833333333,0.39752179539046806
815,546.35875,0.24018205180072383
816,544.1833333333333,-4.797602403327472
817,541.9633333333334,-11.506512659737826
818,540.0666666666666,-4.283595993071045
819,538.1541666666667,-0.5617891020455397
820,536.3649999999999,3.245773289042464
821,534.5224999999999,5.938928628848254
822,533.4279166666666,2.98198093000588
823,533.38,1.5330786864160375
824,533.5920833333332,-5.627386057173554
825,534.865,-5.426412499481334
826,537.01,-9.885394871276198
827,538.5795833333333,-14.920651281532633
828,539.7195833333333,-3.663852403327508
829,540.8287499999999,-8.191929326404296
830,541.8399999999999,-3.1469293264043894
831,542.7258333333333,22.506544231287844
832,543.6041666666666,19.846606622375763
833,544.3575,9.933928628848259
834,544.1504166666666,5.789480930005885
835,543.8029166666666,4.200162019749418
836,543.9095833333333,-4.7648860571737135
837,542.48875,-2.970162499481379
838,539.7479166666667,-1.6233115379429033
839,537.5104166666666,-6.7714846148659324
840,536.1704166666666,-12.164685736660784
841,535.0391666666667,1.3076540069288383
842,534.1929166666666,3.350154006928918
843,534.0058333333333,-1.7234557687120593
844,533.9933333333333,-3.372560044290989
845,534.35375,-0.9323213711517779
846,535.31375,3.336147596672395
847,535.7420833333333,-3.599004646917261
848,535.5666666666666,-0.8719693905069209
849,535.7920833333333,3.6865041671853724
850,536.2920833333333,1.5725217953905362
851,536.5166666666667,3.132265385134013
852,536.5120833333333,1.6236475966725146
853,536.7820833333333,-4.285262659737772
854,537.1204166666666,0.06265400692889556
855,537.0033333333333,1.0490442312878634
856,536.3545833333333,0.496189955709102
857,535.4720833333333,-2.8906547044851494
858,535.0349999999999,4.3448975966725865
859,534.9975,2.8955786864161057
860,534.5304166666666,2.534280609493079
861,533.7395833333333,0.5590041671853181
862,533.0566666666666,-5.582061537942912
863,532.6670833333333,-3.8081512815325658
864,532.4741666666666,5.961564263339129
865,532.4379166666668,-1.14109599307118
866,532.65125,-5.478179326404457
867,533.0670833333334,-3.984705768712191
868,533.8170833333334,-4.386310044290948
869,534.6175000000001,-3.9660713711518327
870,534.3879166666667,2.2919809300058254
871,533.5966666666666,6.126412019749513
872,533.2279166666666,7.126780609493052
873,532.7866666666666,8.201920833851997
874,532.0704166666666,6.714188462057188
875,531.33125,5.427682051800724
876,530.33,-5.3042690699942465
877,528.9704166666666,-3.2535959930710208
878,527.7279166666666,-3.8248459930710363
879,526.875,-5.1126224353787695
880,526.9070833333333,-7.34631004429087
881,528.1887499999999,-5.407321371151687
882,530.8129166666665,-10.293019069994097
883,537.6083333333333,-14.355254646917285
884,548.3370833333332,-21.332386057173593
885,559.5304166666666,-25.661829166147985
886,571.0104166666666,-24.33581153794288
887,582.6575,-23.028567948199345
888,593.6612499999999,-28.525519069994072
889,602.9875,45.70932067359559
890,611.5049999999999,46.908070673595674
891,619.9408333333333,35.9515442312879
892,627.4058333333332,33.54493995570914
893,633.8429166666666,27.0785119621816
894,639.3208333333332,7.149064263339261
895,640.9725,-19.83942131358391
896,639.0770833333333,-5.532386057173641
897,637.61375,-7.825162499481397
898,636.3275000000001,-6.412894871276342
899,634.5587499999999,-3.6798179481992355
900,634.5758333333333,-9.220102403327486
901,637.2541666666666,-9.137345993071097
902,640.1112499999999,-6.608179326404339
903,642.3070833333334,3.3752942312878225
904,644.5158333333333,-4.225060044290839
905,646.9041666666666,-7.772738037818334
906,649.4783333333332,19.191564263339277
907,651.9075,11.305578686416073
908,653.26125,6.773447276159699
909,650.4883333333333,5.510254167185277
910,646.4333333333334,10.281271795390317
911,644.1645833333333,17.234348718467338
912,641.7091666666666,14.90656426333918
913,639.2066666666666,15.950154006928994
914,636.6216666666667,2.33140400692885
915,633.10375,-59.4213724353788
916,628.77625,-13.805476710957631
917,624.7716666666666,-14.770238037818393
918,620.5425,18.32739759667243
919,616.39375,16.559328686416155
920,613.83,14.42469727615959
921,614.7275,-11.37891249948132
922,616.6,-11.095394871276234
923,617.44125,-0.9423179481992807
924,617.5516666666667,-17.535935736660928
925,617.1329166666667,-4.94609599307113
926,617.6704166666666,2.7226540069289773
927,619.5320833333333,-5.749705768712063
928,622.1670833333333,-2.3563100442908618
929,623.7841666666666,1.5672619621816979
930,625.1195833333334,1.0503142633391511
931,626.21125,9.391828686416137
932,626.7404166666666,11.764280609492983
933,626.9816666666666,10.796920833852024
934,625.9304166666666,8.384188462057146
935,624.06,2.438932051800742
936,622.3620833333332,-0.29635240332744456
937,620.4204166666666,-4.083595993071062
938,619.00125,9.941820673595501
939,618.8454166666666,-7.82303910204533
940,619.5491666666667,-22.2083933776243
941,620.7658333333334,-17.834404704485173
942,622.1120833333333,-14.27218573666084
943,623.9204166666666,-16.587337980250492
944,625.5383333333333,7.176363942826368
945,627.8820833333333,11.946504167185363
946,632.0591666666667,17.095438462057096
947,636.9845833333334,3.874348718467325
948,641.7195833333333,-1.7038524033274718
949,646.2883333333333,-4.501512659737718
950,649.5795833333333,-7.256512659737765
951,650.8299999999999,3.0623775646212983
952,654.4183333333333,0.3024399557090793
953,660.1870833333332,3.574345295514996
954,665.5025,-4.852602403327632
955,671.0283333333332,-6.85525464691717
956,676.5529166666666,-21.688219390507
957,681.9641666666666,-34.27557916614796
958,686.9191666666667,40.49543846205707
959,691.5504166666667,9.498515385133937
960,696.3658333333333,11.029897596672514
961,701.62625,5.4005706735955625
962,707.5754166666666,2.0976540069289773
963,714.2774999999999,2.134877564621289
964,717.6275,-6.506726710957704
965,718.7862499999999,-0.274821371151637
966,721.0583333333333,0.41156426333919205
967,722.9525,6.650578686416101
968,724.0749999999999,8.139697276159735
969,724.8525,6.336087500518712
970,726.1058333333333,-1.7912282046095593
971,727.6225,4.336432051800778
972,729.4729166666666,1.542814263339198
973,731.6608333333332,-2.794012659737736
974,733.6808333333333,-18.90776265973777
975,735.2825,-5.310122435378874
976,737.0324999999999,-9.391726710957467
977,738.71625,-0.32482137115170523
978,740.0687499999999,5.931147596672536
979,742.3954166666666,15.187662019749485
980,746.1512499999999,6.563447276159776
981,749.24375,-0.1151624994813607
982,751.9104166666666,-3.5358115379428123
983,754.3829166666667,-6.073984614866055
984,755.7075,-8.581769069994165
985,756.0425,12.554320673595509
986,755.3991666666666,9.78390400692895
987,754.6829166666666,-0.9005391020454305
988,754.6074999999998,13.223273289042542
989,754.84625,2.6951786288481627
990,755.53375,3.106147596672377
991,755.23875,-2.255671313583899
992,753.4775,-11.602802723840329
993,752.5887499999999,-9.810162499481297
994,751.9325,0.9821051287237529
995,750.9891666666666,-1.4902346148659322
996,750.3812499999999,12.054480930005854
997,750.6975,-4.490679326404451
998,752.7508333333333,-7.447762659737733
999,755.3820833333333,-3.049705768712132
1000,756.1199999999999,-2.5892267109574587
1001,755.5554166666666,-6.353988037818402
1002,754.0566666666666,-1.6667690699941837
1003,752.0308333333332,14.792245353082865
1004,750.7441666666666,26.570530609493076
1005,748.6724999999999,21.81608750051873
1006,745.8879166666666,-2.9733115379428123
1007,743.7841666666667,2.1647653851340403
1008,741.0241666666666,-11.008435736660784
1009,735.9433333333333,-5.936512659737777
1010,729.7891666666667,0.8339040069289047
1011,723.3645833333333,-6.072205768712054
1012,718.2933333333333,3.447439955709061
1013,715.6404166666666,14.86101196218163
1014,714.4208333333333,-9.57093573666088
1015,713.4675,-21.04442131358395
1016,712.0408333333332,-8.026136057173618
1017,711.53375,-21.93516249948141
1018,712.1779166666666,-10.08331153794294
1019,713.4054166666667,9.693515385133987
1020,717.5191666666667,6.076564263339138
1021,724.0629166666666,-10.516095993071065
1022,728.1229166666667,-15.279845993071191
1023,729.5716666666667,-6.669289102045498
1024,728.7770833333333,2.8136899557090973
1025,725.21,24.90142862884823
1026,721.5433333333333,62.42656426333918
1027,718.3945833333332,51.95849535308286
1028,715.8004166666666,7.72428060949302
1029,713.6066666666666,-8.748079166147935
1030,710.995,-43.230394871276225
1031,707.9158333333334,-36.09690128153262
1032,702.5020833333333,-15.626352403327486
1033,696.1587499999999,-21.46192932640439
1034,692.6533333333333,-3.2202626597377697
1035,691.1404166666666,2.521960897954583
1036,691.8575000000001,6.293273289042364
1037,694.7083333333333,14.943095295514974
1038,696.78,-2.2801024033275277
1039,698.5333333333333,9.049745353082802
1040,700.9233333333333,1.241363942826423
1041,703.1916666666666,-13.283079166148017
1042,704.9666666666666,-5.042061537942835
1043,705.5416666666665,2.537265385134213
1044,705.1441666666666,-4.808435736660739
1045,704.5016666666666,-1.184845993070998
1046,704.4054166666666,13.767654006928936
1047,705.9783333333332,13.3840442312879
1048,708.39,6.660773289042428
1049,710.2708333333333,-3.7194047044850493
1050,712.1204166666666,-24.06051906999414
1051,714.57375,-15.970671313583932
1052,716.8941666666667,-8.059469390507035
1053,718.5891666666666,2.3994208338519876
1054,720.2679166666667,6.456688462057024
1055,722.6816666666666,3.737265385134031
1056,725.9683333333332,0.41739759667256
1057,729.3741666666667,6.77265400692887
1058,732.07375,8.959320673595542
1059,734.4308333333333,2.7515442312878498
1060,736.62,0.9007732890424368
1061,738.0416666666666,3.969761962181616
1062,739.5154166666666,-8.03551906999416
1063,740.5670833333334,-3.6440046469173337
1064,740.3779166666667,-5.073219390506994
1065,740.4937500000001,10.594837500518562
1066,741.1345833333332,8.030021795390518
1067,741.4333333333333,-3.3344012815325703
1068,741.7104166666667,8.365314263339075
1069,742.4754166666667,-4.778595993071112
1070,743.8,-8.856929326404426
1071,744.7708333333333,1.2815442312879362
1072,745.3995833333333,-1.368810044290907
1073,747.1545833333332,-4.483154704485008
1074,748.7733333333333,-11.30343573666084
1075,749.8283333333334,-0.5352546469173475
1076,750.1579166666667,4.566780609492993
1077,748.5437499999999,6.424837500518716
1078,746.55125,13.823355128723811
1079,744.2895833333333,24.71934871846735
1080,741.5616666666667,16.45406426333908
1081,737.8866666666667,17.19015400692889
1082,733.1016666666667,-7.628595993071186
1083,728.3729166666667,-11.590539102045485
1084,723.0779166666666,2.4028566223757397
1085,717.1704166666666,-10.228988037818402
1086,711.6941666666667,-3.9642690699941974
1087,707.4025,-16.569421313583927
1088,705.1970833333334,-6.852386057173691
1089,705.10375,-7.245162499481356
1090,705.06,-14.65539487127618
1091,704.905,-7.70606794819924
1092,705.1345833333332,-6.73885240332744
1093,706.2245833333333,5.472237340262278
1094,707.5299999999999,8.393070673595687
1095,708.0104166666665,16.08196089795464
1096,708.7029166666666,8.417856622375727
1097,709.5345833333333,2.0468452955148506
1098,710.2558333333333,-1.6559357366608034
1099,710.9741666666666,5.148912019749436
1100,711.5941666666666,-7.209469390507012
1101,711.8741666666666,-8.525579166147967
1102,712.5108333333333,-10.976228204609505
1103,714.0641666666667,-8.035234614866004
1104,715.9795833333333,-9.10385240332745
1105,717.5066666666667,2.950154006928879
1106,718.9449999999999,3.098070673595615
1107,720.5583333333333,4.1340442312879
1108,722.2175,9.583273289042442
1109,723.8291666666667,10.352261962181553
1110,725.0354166666666,6.934480930005867
1111,725.38375,4.019328686416078
1112,724.9404166666666,0.6842806094930564
1113,724.4654166666666,-3.636829166147894
1114,723.5554166666666,0.31918846205720597
1115,721.7758333333334,0.5930987184673253
1116,719.2920833333333,0.19364759667256454
1117,716.6004166666667,-0.39359599307112075
1118,714.2370833333332,1.4159873402623622
1119,712.2270833333333,7.455294231287864
1120,709.26125,5.709523289042355
1121,705.0670833333334,3.2343452955148506
1122,701.2183333333332,-2.9784357366607943
1123,698.1345833333334,0.39849535308268436
1124,695.44625,4.328447276159649
1125,693.0374999999999,5.401087500518766
1126,691.1354166666666,-16.050811537942913
1127,689.5720833333332,-19.073151281532553
1128,688.7654166666666,-9.779685736660793
1129,688.7825,-6.085679326404478
1130,689.2029166666666,-4.5598459930710495
1131,690.4804166666667,2.4019608979545786
1132,693.4020833333334,2.7186899557089563
1133,697.5283333333333,-7.896904704485058
1134,701.5841666666665,-4.03426906999402
1135,705.1870833333332,-5.554004646917188
1136,708.6924999999999,0.0721972761597397
1137,712.4237499999999,7.684837500518707
1138,716.15,7.384605128723785
1139,720.1575,0.9214320518007011
1140,724.09375,1.6519809300058221
1141,727.5158333333333,-5.109012659737677
1142,730.4229166666667,-1.3598459930711182
1143,732.8458333333333,5.1665442312879275
1144,736.0545833333333,4.366189955709107
1145,739.7462499999999,1.7651786288483267
1146,743.1824999999999,-3.0426024033274595
1147,746.8254166666666,-7.652337980250546
1148,750.4420833333334,-11.447386057173718
1149,753.7245833333333,-5.695995832814678
1150,756.9783333333332,15.646271795390554
1151,760.3483333333332,0.24059871846747538
1152,763.7783333333332,4.927397596672664
1153,767.4883333333332,-0.6115126597377314
1154,771.2041666666667,0.18890400692892284
1155,774.5345833333333,-0.07220576871216844
1156,776.3804166666666,5.680356622375772
1157,777.3729166666666,3.3785119621816704
1158,778.5208333333333,4.699064263339215
1159,779.3183333333334,5.814745353082675
1160,779.6879166666666,2.526780609493029
1161,779.8025,4.936087500518621
1162,779.3975,0.8171051287236756
1163,778.3341666666665,-1.5152346148657958
1164,777.1320833333334,2.8936475966723827
1165,775.8399999999999,-1.1431793264043693
1166,774.6554166666667,-2.2123459930711955
1167,773.4508333333333,2.711544231287886
1168,772.2929166666668,-1.6521433776243237
1169,771.6529166666667,-5.001488037818438
1170,771.2,-2.730102403327573
1171,771.135,-2.2619213135839216
1172,771.5649999999999,-1.5203027238402331
1173,771.5625,-3.563912499481379
1174,770.6945833333334,-1.5299782046096548
1175,769.9458333333333,2.5630987184673524
1176,769.4495833333333,4.016147596672555
1177,768.8145833333333,10.882237340262247
1178,768.5883333333333,9.174737340262325
1179,768.83125,1.9511275646212574
1180,769.0462499999999,-13.855476710957472
1181,769.02125,-4.8898213711517595
1182,769.2795833333332,-10.199685736660735
1183,769.8270833333333,-6.804004646917302
1184,770.2745833333333,0.19011394282632754
1185,770.6725,2.7360875005185754
1186,771.8441666666666,-2.9295615379428805
1187,773.4975,-1.3385679481992898
1188,774.9008333333334,5.114897596672437
1189,776.0708333333332,10.21598734026237
1190,776.8058333333332,5.107237340262331
1191,777.3545833333333,-1.1722057687120775
1192,778.0583333333333,-0.14756004429085254
1193,778.7666666666667,2.324761962181634
1194,778.9629166666666,-3.163019069994102
1195,778.8704166666666,-4.487337980250582
1196,778.9158333333334,-2.1711360571737135
1197,779.1966666666667,1.1019208338518605
1198,779.5933333333334,-0.6787282046096047
1199,779.6833333333333,-0.5244012815326247
1200,780.0949999999999,-2.3692690699940733
1201,781.5745833333333,4.782237340262223
1202,783.7104166666666,-0.7773459930710226
1203,785.5004166666665,-3.5980391020453077
1204,787.2333333333333,-5.522560044290966
1205,789.855,-10.403571371151832
1206,792.5904166666667,-5.270519069994174
1207,794.3808333333333,3.992245353082798
1208,796.0029166666666,8.011780609493043
1209,797.6212499999999,-1.632662499481288
1210,798.2666666666667,6.5479384620570835
1211,798.2516666666667,17.92726538513397
1212,797.3266666666666,9.029064263339238
1213,794.4858333333334,6.210987340262146
1214,791.3033333333333,16.219737340262284
1215,789.6199999999999,6.532377564621326
1216,788.0966666666666,-5.145893377624187
1217,785.9937499999999,-8.142321371151587
1218,782.8558333333333,-16.135935736660823
1219,778.8891666666666,-28.09608798025057
1220,774.44,0.7746972761596124
1221,770.2045833333334,14.184004167185204
1222,767.8612499999999,11.993355128723884
1223,766.9112499999999,23.757682051800764
1224,766.4333333333334,-9.877602403327627
1225,767.1554166666666,-11.858595993071038
1226,767.78875,-21.645679326404476
1227,766.7091666666668,-10.826789102045526
1228,765.0808333333333,1.8999399557090475
1229,763.4316666666666,7.589761962181621
1230,763.1770833333334,-1.0971857366608853
1231,763.8174999999999,8.945578686416173
1232,763.795,4.649697276159726
1233,763.8004166666667,1.448170833851915
1234,763.81375,-3.89914487127627
1235,763.2904166666667,7.738515385133945
1236,763.2695833333333,6.81614759667251
1237,763.9879166666666,-6.851095993070989
1238,765.0162499999999,-21.25317932640432
1239,766.9725,-8.580122435378742
1240,769.7658333333334,-4.975060044290952
1241,772.3995833333333,-11.748154704485108
1242,774.73875,-2.7888524033274913
1243,777.3683333333333,2.764745353082721
1244,780.9079166666666,4.846780609493079
1245,784.6704166666666,10.21817083385201
1246,787.4104166666666,9.904188462057128
1247,789.8075,7.0314320518007145
1248,791.8116666666665,8.604064263339284
1249,793.1408333333331,-3.2240126597375722
1250,793.6404166666666,2.2926540069289136
1251,793.1045833333333,3.4177942312879543